1001,Jasmin
1002,Robert
1003,John
1004,Michael
1005,David
1006,William
1007,Richard
1008,Joseph
1009,Thomas
1010,Charles
1011,Christopher
1012,Daniel
1013,Matthew
1014,Anthony
1015,Mark
1016,Donald
1017,Steven
1018,Paul
1019,Andrew
1020,Joshua
1021,Kenneth
1022,Kevin
1023,Brian
1024,George
1025,Timothy
1026,Ronald
1027,Edward
1028,Jason
1029,Jeffrey
1030,Ryan
1031,Jacob
1032,Gary
1033,Nicholas
1034,Eric
1035,Jonathan
1036,Stephen
1037,Larry
1038,Justin
1039,Scott
1040,Brandon
1041,Benjamin
1042,Samuel
1043,Gregory
1044,Alexander
1045,Frank
1046,Patrick
1047,Raymond
1048,Jack
1049,Dennis
1050,Jerry
1051,Tyler
1052,Aaron
1053,Jose
1054,Adam
1055,Nathan
1056,Henry
1057,Douglas
1058,Zachary
1059,Peter
1060,Kyle
1061,Ethan
1062,Walter
1063,Noah
1064,Jeremy
1065,Christian
1066,Keith
1067,Roger
1068,Terry
1069,Gerald
1070,Harold
1071,Sean
1072,Austin
1073,Carl
1074,Arthur
1075,Lawrence
1076,Dylan
1077,Jesse
1078,Jordan
1079,Bryan
1080,Billy
1081,Joe
1082,Bruce
1083,Gabriel
1084,Logan
1085,Albert
1086,Willie
1087,Alan
1088,Juan
1089,Wayne
1090,Elijah
1091,Randy
1092,Roy
1093,Vincent
1094,Ralph
1095,Eugene
1096,Russell
1097,Bobby
1098,Mason
1099,Philip
1100,Louis
1101,Jasmin
1102,Robert
1103,John
1104,Michael
1105,David
1106,William
1107,Richard
1108,Joseph
1109,Thomas
1110,Charles
1111,Christopher
1112,Daniel
1113,Matthew
1114,Anthony
1115,Mark
1116,Donald
1117,Steven
1118,Paul
1119,Andrew
1120,Joshua
1121,Kenneth
1122,Kevin
1123,Brian
1124,George
1125,Timothy
1126,Ronald
1127,Edward
1128,Jason
1129,Jeffrey
1130,Ryan
1131,Jacob
1132,Gary
1133,Nicholas
1134,Eric
1135,Jonathan
1136,Stephen
1137,Larry
1138,Justin
1139,Scott
1140,Brandon
1141,Benjamin
1142,Samuel
1143,Gregory
1144,Alexander
1145,Frank
1146,Patrick
1147,Raymond
1148,Jack
1149,Dennis
1150,Jerry
1151,Tyler
1152,Aaron
1153,Jose
1154,Adam
1155,Nathan
1156,Henry
1157,Douglas
1158,Zachary
1159,Peter
1160,Kyle
1161,Ethan
1162,Walter
1163,Noah
1164,Jeremy
1165,Christian
1166,Keith
1167,Roger
1168,Terry
1169,Gerald
1170,Harold
1171,Sean
1172,Austin
1173,Carl
1174,Arthur
1175,Lawrence
1176,Dylan
1177,Jesse
1178,Jordan
1179,Bryan
1180,Billy
1181,Joe
1182,Bruce
1183,Gabriel
1184,Logan
1185,Albert
1186,Willie
1187,Alan
1188,Juan
1189,Wayne
1190,Elijah
1191,Randy
1192,Roy
1193,Vincent
1194,Ralph
1195,Eugene
1196,Russell
1197,Bobby
1198,Mason
1199,Philip
1200,Louis
1201,Jasmin
1202,Robert
1203,John
1204,Michael
1205,David
1206,William
1207,Richard
1208,Joseph
1209,Thomas
1210,Charles
1211,Christopher
1212,Daniel
1213,Matthew
1214,Anthony
1215,Mark
1216,Donald
1217,Steven
1218,Paul
1219,Andrew
1220,Joshua
1221,Kenneth
1222,Kevin
1223,Brian
1224,George
1225,Timothy
1226,Ronald
1227,Edward
1228,Jason
1229,Jeffrey
1230,Ryan
1231,Jacob
1232,Gary
1233,Nicholas
1234,Eric
1235,Jonathan
1236,Stephen
1237,Larry
1238,Justin
1239,Scott
1240,Brandon
1241,Benjamin
1242,Samuel
1243,Gregory
1244,Alexander
1245,Frank
1246,Patrick
1247,Raymond
1248,Jack
1249,Dennis
1250,Jerry
1251,Tyler
1252,Aaron
1253,Jose
1254,Adam
1255,Nathan
1256,Henry
1257,Douglas
1258,Zachary
1259,Peter
1260,Kyle
1261,Ethan
1262,Walter
1263,Noah
1264,Jeremy
1265,Christian
1266,Keith
1267,Roger
1268,Terry
1269,Gerald
1270,Harold
1271,Sean
1272,Austin
1273,Carl
1274,Arthur
1275,Lawrence
1276,Dylan
1277,Jesse
1278,Jordan
1279,Bryan
1280,Billy
1281,Joe
1282,Bruce
1283,Gabriel
1284,Logan
1285,Albert
1286,Willie
1287,Alan
1288,Juan
1289,Wayne
1290,Elijah
1291,Randy
1292,Roy
1293,Vincent
1294,Ralph
1295,Eugene
1296,Russell
1297,Bobby
1298,Mason
1299,Philip
1300,Louis
1301,Jasmin
1302,Robert
1303,John
1304,Michael
1305,David
1306,William
1307,Richard
1308,Joseph
1309,Thomas
1310,Charles
1311,Christopher
1312,Daniel
1313,Matthew
1314,Anthony
1315,Mark
1316,Donald
1317,Steven
1318,Paul
1319,Andrew
1320,Joshua
1321,Kenneth
1322,Kevin
1323,Brian
1324,George
1325,Timothy
1326,Ronald
1327,Edward
1328,Jason
1329,Jeffrey
1330,Ryan
1331,Jacob
1332,Gary
1333,Nicholas
1334,Eric
1335,Jonathan
1336,Stephen
1337,Larry
1338,Justin
1339,Scott
1340,Brandon
1341,Benjamin
1342,Samuel
1343,Gregory
1344,Alexander
1345,Frank
1346,Patrick
1347,Raymond
1348,Jack
1349,Dennis
1350,Jerry
1351,Tyler
1352,Aaron
1353,Jose
1354,Adam
1355,Nathan
1356,Henry
1357,Douglas
1358,Zachary
1359,Peter
1360,Kyle
1361,Ethan
1362,Walter
1363,Noah
1364,Jeremy
1365,Christian
1366,Keith
1367,Roger
1368,Terry
1369,Gerald
1370,Harold
1371,Sean
1372,Austin
1373,Carl
1374,Arthur
1375,Lawrence
1376,Dylan
1377,Jesse
1378,Jordan
1379,Bryan
1380,Billy
1381,Joe
1382,Bruce
1383,Gabriel
1384,Logan
1385,Albert
1386,Willie
1387,Alan
1388,Juan
1389,Wayne
1390,Elijah
1391,Randy
1392,Roy
1393,Vincent
1394,Ralph
1395,Eugene
1396,Russell
1397,Bobby
1398,Mason
1399,Philip
1400,Louis
1401,Jasmin
1402,Robert
1403,John
1404,Michael
1405,David
1406,William
1407,Richard
1408,Joseph
1409,Thomas
1410,Charles
1411,Christopher
1412,Daniel
1413,Matthew
1414,Anthony
1415,Mark
1416,Donald
1417,Steven
1418,Paul
1419,Andrew
1420,Joshua
1421,Kenneth
1422,Kevin
1423,Brian
1424,George
1425,Timothy
1426,Ronald
1427,Edward
1428,Jason
1429,Jeffrey
1430,Ryan
1431,Jacob
1432,Gary
1433,Nicholas
1434,Eric
1435,Jonathan
1436,Stephen
1437,Larry
1438,Justin
1439,Scott
1440,Brandon
1441,Benjamin
1442,Samuel
1443,Gregory
1444,Alexander
1445,Frank
1446,Patrick
1447,Raymond
1448,Jack
1449,Dennis
1450,Jerry
1451,Tyler
1452,Aaron
1453,Jose
1454,Adam
1455,Nathan
1456,Henry
1457,Douglas
1458,Zachary
1459,Peter
1460,Kyle
1461,Ethan
1462,Walter
1463,Noah
1464,Jeremy
1465,Christian
1466,Keith
1467,Roger
1468,Terry
1469,Gerald
1470,Harold
1471,Sean
1472,Austin
1473,Carl
1474,Arthur
1475,Lawrence
1476,Dylan
1477,Jesse
1478,Jordan
1479,Bryan
1480,Billy
1481,Joe
1482,Bruce
1483,Gabriel
1484,Logan
1485,Albert
1486,Willie
1487,Alan
1488,Juan
1489,Wayne
1490,Elijah
1491,Randy
1492,Roy
1493,Vincent
1494,Ralph
1495,Eugene
1496,Russell
1497,Bobby
1498,Mason
1499,Philip
1500,Louis
1501,Jasmin
1502,Robert
1503,John
1504,Michael
1505,David
1506,William
1507,Richard
1508,Joseph
1509,Thomas
1510,Charles
1511,Christopher
1512,Daniel
1513,Matthew
1514,Anthony
1515,Mark
1516,Donald
1517,Steven
1518,Paul
1519,Andrew
1520,Joshua
1521,Kenneth
1522,Kevin
1523,Brian
1524,George
1525,Timothy
1526,Ronald
1527,Edward
1528,Jason
1529,Jeffrey
1530,Ryan
1531,Jacob
1532,Gary
1533,Nicholas
1534,Eric
1535,Jonathan
1536,Stephen
1537,Larry
1538,Justin
1539,Scott
1540,Brandon
1541,Benjamin
1542,Samuel
1543,Gregory
1544,Alexander
1545,Frank
1546,Patrick
1547,Raymond
1548,Jack
1549,Dennis
1550,Jerry
1551,Tyler
1552,Aaron
1553,Jose
1554,Adam
1555,Nathan
1556,Henry
1557,Douglas
1558,Zachary
1559,Peter
1560,Kyle
1561,Ethan
1562,Walter
1563,Noah
1564,Jeremy
1565,Christian
1566,Keith
1567,Roger
1568,Terry
1569,Gerald
1570,Harold
1571,Sean
1572,Austin
1573,Carl
1574,Arthur
1575,Lawrence
1576,Dylan
1577,Jesse
1578,Jordan
1579,Bryan
1580,Billy
1581,Joe
1582,Bruce
1583,Gabriel
1584,Logan
1585,Albert
1586,Willie
1587,Alan
1588,Juan
1589,Wayne
1590,Elijah
1591,Randy
1592,Roy
1593,Vincent
1594,Ralph
1595,Eugene
1596,Russell
1597,Bobby
1598,Mason
1599,Philip
1600,Louis
1601,Jasmin
1602,Robert
1603,John
1604,Michael
1605,David
1606,William
1607,Richard
1608,Joseph
1609,Thomas
1610,Charles
1611,Christopher
1612,Daniel
1613,Matthew
1614,Anthony
1615,Mark
1616,Donald
1617,Steven
1618,Paul
1619,Andrew
1620,Joshua
1621,Kenneth
1622,Kevin
1623,Brian
1624,George
1625,Timothy
1626,Ronald
1627,Edward
1628,Jason
1629,Jeffrey
1630,Ryan
1631,Jacob
1632,Gary
1633,Nicholas
1634,Eric
1635,Jonathan
1636,Stephen
1637,Larry
1638,Justin
1639,Scott
1640,Brandon
1641,Benjamin
1642,Samuel
1643,Gregory
1644,Alexander
1645,Frank
1646,Patrick
1647,Raymond
1648,Jack
1649,Dennis
1650,Jerry
1651,Tyler
1652,Aaron
1653,Jose
1654,Adam
1655,Nathan
1656,Henry
1657,Douglas
1658,Zachary
1659,Peter
1660,Kyle
1661,Ethan
1662,Walter
1663,Noah
1664,Jeremy
1665,Christian
1666,Keith
1667,Roger
1668,Terry
1669,Gerald
1670,Harold
1671,Sean
1672,Austin
1673,Carl
1674,Arthur
1675,Lawrence
1676,Dylan
1677,Jesse
1678,Jordan
1679,Bryan
1680,Billy
1681,Joe
1682,Bruce
1683,Gabriel
1684,Logan
1685,Albert
1686,Willie
1687,Alan
1688,Juan
1689,Wayne
1690,Elijah
1691,Randy
1692,Roy
1693,Vincent
1694,Ralph
1695,Eugene
1696,Russell
1697,Bobby
1698,Mason
1699,Philip
1700,Louis
1701,Jasmin
1702,Robert
1703,John
1704,Michael
1705,David
1706,William
1707,Richard
1708,Joseph
1709,Thomas
1710,Charles
1711,Christopher
1712,Daniel
1713,Matthew
1714,Anthony
1715,Mark
1716,Donald
1717,Steven
1718,Paul
1719,Andrew
1720,Joshua
1721,Kenneth
1722,Kevin
1723,Brian
1724,George
1725,Timothy
1726,Ronald
1727,Edward
1728,Jason
1729,Jeffrey
1730,Ryan
1731,Jacob
1732,Gary
1733,Nicholas
1734,Eric
1735,Jonathan
1736,Stephen
1737,Larry
1738,Justin
1739,Scott
1740,Brandon
1741,Benjamin
1742,Samuel
1743,Gregory
1744,Alexander
1745,Frank
1746,Patrick
1747,Raymond
1748,Jack
1749,Dennis
1750,Jerry
1751,Tyler
1752,Aaron
1753,Jose
1754,Adam
1755,Nathan
1756,Henry
1757,Douglas
1758,Zachary
1759,Peter
1760,Kyle
1761,Ethan
1762,Walter
1763,Noah
1764,Jeremy
1765,Christian
1766,Keith
1767,Roger
1768,Terry
1769,Gerald
1770,Harold
1771,Sean
1772,Austin
1773,Carl
1774,Arthur
1775,Lawrence
1776,Dylan
1777,Jesse
1778,Jordan
1779,Bryan
1780,Billy
1781,Joe
1782,Bruce
1783,Gabriel
1784,Logan
1785,Albert
1786,Willie
1787,Alan
1788,Juan
1789,Wayne
1790,Elijah
1791,Randy
1792,Roy
1793,Vincent
1794,Ralph
1795,Eugene
1796,Russell
1797,Bobby
1798,Mason
1799,Philip
1800,Louis
1801,Jasmin
1802,Robert
1803,John
1804,Michael
1805,David
1806,William
1807,Richard
1808,Joseph
1809,Thomas
1810,Charles
1811,Christopher
1812,Daniel
1813,Matthew
1814,Anthony
1815,Mark
1816,Donald
1817,Steven
1818,Paul
1819,Andrew
1820,Joshua
1821,Kenneth
1822,Kevin
1823,Brian
1824,George
1825,Timothy
1826,Ronald
1827,Edward
1828,Jason
1829,Jeffrey
1830,Ryan
1831,Jacob
1832,Gary
1833,Nicholas
1834,Eric
1835,Jonathan
1836,Stephen
1837,Larry
1838,Justin
1839,Scott
1840,Brandon
1841,Benjamin
1842,Samuel
1843,Gregory
1844,Alexander
1845,Frank
1846,Patrick
1847,Raymond
1848,Jack
1849,Dennis
1850,Jerry
1851,Tyler
1852,Aaron
1853,Jose
1854,Adam
1855,Nathan
1856,Henry
1857,Douglas
1858,Zachary
1859,Peter
1860,Kyle
1861,Ethan
1862,Walter
1863,Noah
1864,Jeremy
1865,Christian
1866,Keith
1867,Roger
1868,Terry
1869,Gerald
1870,Harold
1871,Sean
1872,Austin
1873,Carl
1874,Arthur
1875,Lawrence
1876,Dylan
1877,Jesse
1878,Jordan
1879,Bryan
1880,Billy
1881,Joe
1882,Bruce
1883,Gabriel
1884,Logan
1885,Albert
1886,Willie
1887,Alan
1888,Juan
1889,Wayne
1890,Elijah
1891,Randy
1892,Roy
1893,Vincent
1894,Ralph
1895,Eugene
1896,Russell
1897,Bobby
1898,Mason
1899,Philip
1900,Louis
1901,Jasmin
1902,Robert
1903,John
1904,Michael
1905,David
1906,William
1907,Richard
1908,Joseph
1909,Thomas
1910,Charles
1911,Christopher
1912,Daniel
1913,Matthew
1914,Anthony
1915,Mark
1916,Donald
1917,Steven
1918,Paul
1919,Andrew
1920,Joshua
1921,Kenneth
1922,Kevin
1923,Brian
1924,George
1925,Timothy
1926,Ronald
1927,Edward
1928,Jason
1929,Jeffrey
1930,Ryan
1931,Jacob
1932,Gary
1933,Nicholas
1934,Eric
1935,Jonathan
1936,Stephen
1937,Larry
1938,Justin
1939,Scott
1940,Brandon
1941,Benjamin
1942,Samuel
1943,Gregory
1944,Alexander
1945,Frank
1946,Patrick
1947,Raymond
1948,Jack
1949,Dennis
1950,Jerry
1951,Tyler
1952,Aaron
1953,Jose
1954,Adam
1955,Nathan
1956,Henry
1957,Douglas
1958,Zachary
1959,Peter
1960,Kyle
1961,Ethan
1962,Walter
1963,Noah
1964,Jeremy
1965,Christian
1966,Keith
1967,Roger
1968,Terry
1969,Gerald
1970,Harold
1971,Sean
1972,Austin
1973,Carl
1974,Arthur
1975,Lawrence
1976,Dylan
1977,Jesse
1978,Jordan
1979,Bryan
1980,Billy
1981,Joe
1982,Bruce
1983,Gabriel
1984,Logan
1985,Albert
1986,Willie
1987,Alan
1988,Juan
1989,Wayne
1990,Elijah
1991,Randy
1992,Roy
1993,Vincent
1994,Ralph
1995,Eugene
1996,Russell
1997,Bobby
1998,Mason
1999,Philip
2000,Louis
2001,Jasmin
2002,Robert
2003,John
2004,Michael
2005,David
2006,William
2007,Richard
2008,Joseph
2009,Thomas
2010,Charles
2011,Christopher
2012,Daniel
2013,Matthew
2014,Anthony
2015,Mark
2016,Donald
2017,Steven
2018,Paul
2019,Andrew
2020,Joshua
2021,Kenneth
2022,Kevin
2023,Brian
2024,George
2025,Timothy
2026,Ronald
2027,Edward
2028,Jason
2029,Jeffrey
2030,Ryan
2031,Jacob
2032,Gary
2033,Nicholas
2034,Eric
2035,Jonathan
2036,Stephen
2037,Larry
2038,Justin
2039,Scott
2040,Brandon
2041,Benjamin
2042,Samuel
2043,Gregory
2044,Alexander
2045,Frank
2046,Patrick
2047,Raymond
2048,Jack
2049,Dennis
2050,Jerry
2051,Tyler
2052,Aaron
2053,Jose
2054,Adam
2055,Nathan
2056,Henry
2057,Douglas
2058,Zachary
2059,Peter
2060,Kyle
2061,Ethan
2062,Walter
2063,Noah
2064,Jeremy
2065,Christian
2066,Keith
2067,Roger
2068,Terry
2069,Gerald
2070,Harold
2071,Sean
2072,Austin
2073,Carl
2074,Arthur
2075,Lawrence
2076,Dylan
2077,Jesse
2078,Jordan
2079,Bryan
2080,Billy
2081,Joe
2082,Bruce
2083,Gabriel
2084,Logan
2085,Albert
2086,Willie
2087,Alan
2088,Juan
2089,Wayne
2090,Elijah
2091,Randy
2092,Roy
2093,Vincent
2094,Ralph
2095,Eugene
2096,Russell
2097,Bobby
2098,Mason
2099,Philip
2100,Louis
2101,Jasmin
2102,Robert
2103,John
2104,Michael
2105,David
2106,William
2107,Richard
2108,Joseph
2109,Thomas
2110,Charles
2111,Christopher
2112,Daniel
2113,Matthew
2114,Anthony
2115,Mark
2116,Donald
2117,Steven
2118,Paul
2119,Andrew
2120,Joshua
2121,Kenneth
2122,Kevin
2123,Brian
2124,George
2125,Timothy
2126,Ronald
2127,Edward
2128,Jason
2129,Jeffrey
2130,Ryan
2131,Jacob
2132,Gary
2133,Nicholas
2134,Eric
2135,Jonathan
2136,Stephen
2137,Larry
2138,Justin
2139,Scott
2140,Brandon
2141,Benjamin
2142,Samuel
2143,Gregory
2144,Alexander
2145,Frank
2146,Patrick
2147,Raymond
2148,Jack
2149,Dennis
2150,Jerry
2151,Tyler
2152,Aaron
2153,Jose
2154,Adam
2155,Nathan
2156,Henry
2157,Douglas
2158,Zachary
2159,Peter
2160,Kyle
2161,Ethan
2162,Walter
2163,Noah
2164,Jeremy
2165,Christian
2166,Keith
2167,Roger
2168,Terry
2169,Gerald
2170,Harold
2171,Sean
2172,Austin
2173,Carl
2174,Arthur
2175,Lawrence
2176,Dylan
2177,Jesse
2178,Jordan
2179,Bryan
2180,Billy
2181,Joe
2182,Bruce
2183,Gabriel
2184,Logan
2185,Albert
2186,Willie
2187,Alan
2188,Juan
2189,Wayne
2190,Elijah
2191,Randy
2192,Roy
2193,Vincent
2194,Ralph
2195,Eugene
2196,Russell
2197,Bobby
2198,Mason
2199,Philip
2200,Louis
2201,Jasmin
2202,Robert
2203,John
2204,Michael
2205,David
2206,William
2207,Richard
2208,Joseph
2209,Thomas
2210,Charles
2211,Christopher
2212,Daniel
2213,Matthew
2214,Anthony
2215,Mark
2216,Donald
2217,Steven
2218,Paul
2219,Andrew
2220,Joshua
2221,Kenneth
2222,Kevin
2223,Brian
2224,George
2225,Timothy
2226,Ronald
2227,Edward
2228,Jason
2229,Jeffrey
2230,Ryan
2231,Jacob
2232,Gary
2233,Nicholas
2234,Eric
2235,Jonathan
2236,Stephen
2237,Larry
2238,Justin
2239,Scott
2240,Brandon
2241,Benjamin
2242,Samuel
2243,Gregory
2244,Alexander
2245,Frank
2246,Patrick
2247,Raymond
2248,Jack
2249,Dennis
2250,Jerry
2251,Tyler
2252,Aaron
2253,Jose
2254,Adam
2255,Nathan
2256,Henry
2257,Douglas
2258,Zachary
2259,Peter
2260,Kyle
2261,Ethan
2262,Walter
2263,Noah
2264,Jeremy
2265,Christian
2266,Keith
2267,Roger
2268,Terry
2269,Gerald
2270,Harold
2271,Sean
2272,Austin
2273,Carl
2274,Arthur
2275,Lawrence
2276,Dylan
2277,Jesse
2278,Jordan
2279,Bryan
2280,Billy
2281,Joe
2282,Bruce
2283,Gabriel
2284,Logan
2285,Albert
2286,Willie
2287,Alan
2288,Juan
2289,Wayne
2290,Elijah
2291,Randy
2292,Roy
2293,Vincent
2294,Ralph
2295,Eugene
2296,Russell
2297,Bobby
2298,Mason
2299,Philip
2300,Louis
2301,Jasmin
2302,Robert
2303,John
2304,Michael
2305,David
2306,William
2307,Richard
2308,Joseph
2309,Thomas
2310,Charles
2311,Christopher
2312,Daniel
2313,Matthew
2314,Anthony
2315,Mark
2316,Donald
2317,Steven
2318,Paul
2319,Andrew
2320,Joshua
2321,Kenneth
2322,Kevin
2323,Brian
2324,George
2325,Timothy
2326,Ronald
2327,Edward
2328,Jason
2329,Jeffrey
2330,Ryan
2331,Jacob
2332,Gary
2333,Nicholas
2334,Eric
2335,Jonathan
2336,Stephen
2337,Larry
2338,Justin
2339,Scott
2340,Brandon
2341,Benjamin
2342,Samuel
2343,Gregory
2344,Alexander
2345,Frank
2346,Patrick
2347,Raymond
2348,Jack
2349,Dennis
2350,Jerry
2351,Tyler
2352,Aaron
2353,Jose
2354,Adam
2355,Nathan
2356,Henry
2357,Douglas
2358,Zachary
2359,Peter
2360,Kyle
2361,Ethan
2362,Walter
2363,Noah
2364,Jeremy
2365,Christian
2366,Keith
2367,Roger
2368,Terry
2369,Gerald
2370,Harold
2371,Sean
2372,Austin
2373,Carl
2374,Arthur
2375,Lawrence
2376,Dylan
2377,Jesse
2378,Jordan
2379,Bryan
2380,Billy
2381,Joe
2382,Bruce
2383,Gabriel
2384,Logan
2385,Albert
2386,Willie
2387,Alan
2388,Juan
2389,Wayne
2390,Elijah
2391,Randy
2392,Roy
2393,Vincent
2394,Ralph
2395,Eugene
2396,Russell
2397,Bobby
2398,Mason
2399,Philip
2400,Louis
2401,Jasmin
2402,Robert
2403,John
2404,Michael
2405,David
2406,William
2407,Richard
2408,Joseph
2409,Thomas
2410,Charles
2411,Christopher
2412,Daniel
2413,Matthew
2414,Anthony
2415,Mark
2416,Donald
2417,Steven
2418,Paul
2419,Andrew
2420,Joshua
2421,Kenneth
2422,Kevin
2423,Brian
2424,George
2425,Timothy
2426,Ronald
2427,Edward
2428,Jason
2429,Jeffrey
2430,Ryan
2431,Jacob
2432,Gary
2433,Nicholas
2434,Eric
2435,Jonathan
2436,Stephen
2437,Larry
2438,Justin
2439,Scott
2440,Brandon
2441,Benjamin
2442,Samuel
2443,Gregory
2444,Alexander
2445,Frank
2446,Patrick
2447,Raymond
2448,Jack
2449,Dennis
2450,Jerry
2451,Tyler
2452,Aaron
2453,Jose
2454,Adam
2455,Nathan
2456,Henry
2457,Douglas
2458,Zachary
2459,Peter
2460,Kyle
2461,Ethan
2462,Walter
2463,Noah
2464,Jeremy
2465,Christian
2466,Keith
2467,Roger
2468,Terry
2469,Gerald
2470,Harold
2471,Sean
2472,Austin
2473,Carl
2474,Arthur
2475,Lawrence
2476,Dylan
2477,Jesse
2478,Jordan
2479,Bryan
2480,Billy
2481,Joe
2482,Bruce
2483,Gabriel
2484,Logan
2485,Albert
2486,Willie
2487,Alan
2488,Juan
2489,Wayne
2490,Elijah
2491,Randy
2492,Roy
2493,Vincent
2494,Ralph
2495,Eugene
2496,Russell
2497,Bobby
2498,Mason
2499,Philip
2500,Louis
2501,Jasmin
2502,Robert
2503,John
2504,Michael
2505,David
2506,William
2507,Richard
2508,Joseph
2509,Thomas
2510,Charles
2511,Christopher
2512,Daniel
2513,Matthew
2514,Anthony
2515,Mark
2516,Donald
2517,Steven
2518,Paul
2519,Andrew
2520,Joshua
2521,Kenneth
2522,Kevin
2523,Brian
2524,George
2525,Timothy
2526,Ronald
2527,Edward
2528,Jason
2529,Jeffrey
2530,Ryan
2531,Jacob
2532,Gary
2533,Nicholas
2534,Eric
2535,Jonathan
2536,Stephen
2537,Larry
2538,Justin
2539,Scott
2540,Brandon
2541,Benjamin
2542,Samuel
2543,Gregory
2544,Alexander
2545,Frank
2546,Patrick
2547,Raymond
2548,Jack
2549,Dennis
2550,Jerry
2551,Tyler
2552,Aaron
2553,Jose
2554,Adam
2555,Nathan
2556,Henry
2557,Douglas
2558,Zachary
2559,Peter
2560,Kyle
2561,Ethan
2562,Walter
2563,Noah
2564,Jeremy
2565,Christian
2566,Keith
2567,Roger
2568,Terry
2569,Gerald
2570,Harold
2571,Sean
2572,Austin
2573,Carl
2574,Arthur
2575,Lawrence
2576,Dylan
2577,Jesse
2578,Jordan
2579,Bryan
2580,Billy
2581,Joe
2582,Bruce
2583,Gabriel
2584,Logan
2585,Albert
2586,Willie
2587,Alan
2588,Juan
2589,Wayne
2590,Elijah
2591,Randy
2592,Roy
2593,Vincent
2594,Ralph
2595,Eugene
2596,Russell
2597,Bobby
2598,Mason
2599,Philip
2600,Louis
2601,Jasmin
2602,Robert
2603,John
2604,Michael
2605,David
2606,William
2607,Richard
2608,Joseph
2609,Thomas
2610,Charles
2611,Christopher
2612,Daniel
2613,Matthew
2614,Anthony
2615,Mark
2616,Donald
2617,Steven
2618,Paul
2619,Andrew
2620,Joshua
2621,Kenneth
2622,Kevin
2623,Brian
2624,George
2625,Timothy
2626,Ronald
2627,Edward
2628,Jason
2629,Jeffrey
2630,Ryan
2631,Jacob
2632,Gary
2633,Nicholas
2634,Eric
2635,Jonathan
2636,Stephen
2637,Larry
2638,Justin
2639,Scott
2640,Brandon
2641,Benjamin
2642,Samuel
2643,Gregory
2644,Alexander
2645,Frank
2646,Patrick
2647,Raymond
2648,Jack
2649,Dennis
2650,Jerry
2651,Tyler
2652,Aaron
2653,Jose
2654,Adam
2655,Nathan
2656,Henry
2657,Douglas
2658,Zachary
2659,Peter
2660,Kyle
2661,Ethan
2662,Walter
2663,Noah
2664,Jeremy
2665,Christian
2666,Keith
2667,Roger
2668,Terry
2669,Gerald
2670,Harold
2671,Sean
2672,Austin
2673,Carl
2674,Arthur
2675,Lawrence
2676,Dylan
2677,Jesse
2678,Jordan
2679,Bryan
2680,Billy
2681,Joe
2682,Bruce
2683,Gabriel
2684,Logan
2685,Albert
2686,Willie
2687,Alan
2688,Juan
2689,Wayne
2690,Elijah
2691,Randy
2692,Roy
2693,Vincent
2694,Ralph
2695,Eugene
2696,Russell
2697,Bobby
2698,Mason
2699,Philip
2700,Louis
2701,Jasmin
2702,Robert
2703,John
2704,Michael
2705,David
2706,William
2707,Richard
2708,Joseph
2709,Thomas
2710,Charles
2711,Christopher
2712,Daniel
2713,Matthew
2714,Anthony
2715,Mark
2716,Donald
2717,Steven
2718,Paul
2719,Andrew
2720,Joshua
2721,Kenneth
2722,Kevin
2723,Brian
2724,George
2725,Timothy
2726,Ronald
2727,Edward
2728,Jason
2729,Jeffrey
2730,Ryan
2731,Jacob
2732,Gary
2733,Nicholas
2734,Eric
2735,Jonathan
2736,Stephen
2737,Larry
2738,Justin
2739,Scott
2740,Brandon
2741,Benjamin
2742,Samuel
2743,Gregory
2744,Alexander
2745,Frank
2746,Patrick
2747,Raymond
2748,Jack
2749,Dennis
2750,Jerry
2751,Tyler
2752,Aaron
2753,Jose
2754,Adam
2755,Nathan
2756,Henry
2757,Douglas
2758,Zachary
2759,Peter
2760,Kyle
2761,Ethan
2762,Walter
2763,Noah
2764,Jeremy
2765,Christian
2766,Keith
2767,Roger
2768,Terry
2769,Gerald
2770,Harold
2771,Sean
2772,Austin
2773,Carl
2774,Arthur
2775,Lawrence
2776,Dylan
2777,Jesse
2778,Jordan
2779,Bryan
2780,Billy
2781,Joe
2782,Bruce
2783,Gabriel
2784,Logan
2785,Albert
2786,Willie
2787,Alan
2788,Juan
2789,Wayne
2790,Elijah
2791,Randy
2792,Roy
2793,Vincent
2794,Ralph
2795,Eugene
2796,Russell
2797,Bobby
2798,Mason
2799,Philip
2800,Louis
2801,Jasmin
2802,Robert
2803,John
2804,Michael
2805,David
2806,William
2807,Richard
2808,Joseph
2809,Thomas
2810,Charles
2811,Christopher
2812,Daniel
2813,Matthew
2814,Anthony
2815,Mark
2816,Donald
2817,Steven
2818,Paul
2819,Andrew
2820,Joshua
2821,Kenneth
2822,Kevin
2823,Brian
2824,George
2825,Timothy
2826,Ronald
2827,Edward
2828,Jason
2829,Jeffrey
2830,Ryan
2831,Jacob
2832,Gary
2833,Nicholas
2834,Eric
2835,Jonathan
2836,Stephen
2837,Larry
2838,Justin
2839,Scott
2840,Brandon
2841,Benjamin
2842,Samuel
2843,Gregory
2844,Alexander
2845,Frank
2846,Patrick
2847,Raymond
2848,Jack
2849,Dennis
2850,Jerry
2851,Tyler
2852,Aaron
2853,Jose
2854,Adam
2855,Nathan
2856,Henry
2857,Douglas
2858,Zachary
2859,Peter
2860,Kyle
2861,Ethan
2862,Walter
2863,Noah
2864,Jeremy
2865,Christian
2866,Keith
2867,Roger
2868,Terry
2869,Gerald
2870,Harold
2871,Sean
2872,Austin
2873,Carl
2874,Arthur
2875,Lawrence
2876,Dylan
2877,Jesse
2878,Jordan
2879,Bryan
2880,Billy
2881,Joe
2882,Bruce
2883,Gabriel
2884,Logan
2885,Albert
2886,Willie
2887,Alan
2888,Juan
2889,Wayne
2890,Elijah
2891,Randy
2892,Roy
2893,Vincent
2894,Ralph
2895,Eugene
2896,Russell
2897,Bobby
2898,Mason
2899,Philip
2900,Louis
2901,Jasmin
2902,Robert
2903,John
2904,Michael
2905,David
2906,William
2907,Richard
2908,Joseph
2909,Thomas
2910,Charles
2911,Christopher
2912,Daniel
2913,Matthew
2914,Anthony
2915,Mark
2916,Donald
2917,Steven
2918,Paul
2919,Andrew
2920,Joshua
2921,Kenneth
2922,Kevin
2923,Brian
2924,George
2925,Timothy
2926,Ronald
2927,Edward
2928,Jason
2929,Jeffrey
2930,Ryan
2931,Jacob
2932,Gary
2933,Nicholas
2934,Eric
2935,Jonathan
2936,Stephen
2937,Larry
2938,Justin
2939,Scott
2940,Brandon
2941,Benjamin
2942,Samuel
2943,Gregory
2944,Alexander
2945,Frank
2946,Patrick
2947,Raymond
2948,Jack
2949,Dennis
2950,Jerry
2951,Tyler
2952,Aaron
2953,Jose
2954,Adam
2955,Nathan
2956,Henry
2957,Douglas
2958,Zachary
2959,Peter
2960,Kyle
2961,Ethan
2962,Walter
2963,Noah
2964,Jeremy
2965,Christian
2966,Keith
2967,Roger
2968,Terry
2969,Gerald
2970,Harold
2971,Sean
2972,Austin
2973,Carl
2974,Arthur
2975,Lawrence
2976,Dylan
2977,Jesse
2978,Jordan
2979,Bryan
2980,Billy
2981,Joe
2982,Bruce
2983,Gabriel
2984,Logan
2985,Albert
2986,Willie
2987,Alan
2988,Juan
2989,Wayne
2990,Elijah
2991,Randy
2992,Roy
2993,Vincent
2994,Ralph
2995,Eugene
2996,Russell
2997,Bobby
2998,Mason
2999,Philip
3000,Louis
3001,Jasmin
3002,Robert
3003,John
3004,Michael
3005,David
3006,William
3007,Richard
3008,Joseph
3009,Thomas
3010,Charles
3011,Christopher
3012,Daniel
3013,Matthew
3014,Anthony
3015,Mark
3016,Donald
3017,Steven
3018,Paul
3019,Andrew
3020,Joshua
3021,Kenneth
3022,Kevin
3023,Brian
3024,George
3025,Timothy
3026,Ronald
3027,Edward
3028,Jason
3029,Jeffrey
3030,Ryan
3031,Jacob
3032,Gary
3033,Nicholas
3034,Eric
3035,Jonathan
3036,Stephen
3037,Larry
3038,Justin
3039,Scott
3040,Brandon
3041,Benjamin
3042,Samuel
3043,Gregory
3044,Alexander
3045,Frank
3046,Patrick
3047,Raymond
3048,Jack
3049,Dennis
3050,Jerry
3051,Tyler
3052,Aaron
3053,Jose
3054,Adam
3055,Nathan
3056,Henry
3057,Douglas
3058,Zachary
3059,Peter
3060,Kyle
3061,Ethan
3062,Walter
3063,Noah
3064,Jeremy
3065,Christian
3066,Keith
3067,Roger
3068,Terry
3069,Gerald
3070,Harold
3071,Sean
3072,Austin
3073,Carl
3074,Arthur
3075,Lawrence
3076,Dylan
3077,Jesse
3078,Jordan
3079,Bryan
3080,Billy
3081,Joe
3082,Bruce
3083,Gabriel
3084,Logan
3085,Albert
3086,Willie
3087,Alan
3088,Juan
3089,Wayne
3090,Elijah
3091,Randy
3092,Roy
3093,Vincent
3094,Ralph
3095,Eugene
3096,Russell
3097,Bobby
3098,Mason
3099,Philip
3100,Louis
3101,Jasmin
3102,Robert
3103,John
3104,Michael
3105,David
3106,William
3107,Richard
3108,Joseph
3109,Thomas
3110,Charles
3111,Christopher
3112,Daniel
3113,Matthew
3114,Anthony
3115,Mark
3116,Donald
3117,Steven
3118,Paul
3119,Andrew
3120,Joshua
3121,Kenneth
3122,Kevin
3123,Brian
3124,George
3125,Timothy
3126,Ronald
3127,Edward
3128,Jason
3129,Jeffrey
3130,Ryan
3131,Jacob
3132,Gary
3133,Nicholas
3134,Eric
3135,Jonathan
3136,Stephen
3137,Larry
3138,Justin
3139,Scott
3140,Brandon
3141,Benjamin
3142,Samuel
3143,Gregory
3144,Alexander
3145,Frank
3146,Patrick
3147,Raymond
3148,Jack
3149,Dennis
3150,Jerry
3151,Tyler
3152,Aaron
3153,Jose
3154,Adam
3155,Nathan
3156,Henry
3157,Douglas
3158,Zachary
3159,Peter
3160,Kyle
3161,Ethan
3162,Walter
3163,Noah
3164,Jeremy
3165,Christian
3166,Keith
3167,Roger
3168,Terry
3169,Gerald
3170,Harold
3171,Sean
3172,Austin
3173,Carl
3174,Arthur
3175,Lawrence
3176,Dylan
3177,Jesse
3178,Jordan
3179,Bryan
3180,Billy
3181,Joe
3182,Bruce
3183,Gabriel
3184,Logan
3185,Albert
3186,Willie
3187,Alan
3188,Juan
3189,Wayne
3190,Elijah
3191,Randy
3192,Roy
3193,Vincent
3194,Ralph
3195,Eugene
3196,Russell
3197,Bobby
3198,Mason
3199,Philip
3200,Louis
3201,Jasmin
3202,Robert
3203,John
3204,Michael
3205,David
3206,William
3207,Richard
3208,Joseph
3209,Thomas
3210,Charles
3211,Christopher
3212,Daniel
3213,Matthew
3214,Anthony
3215,Mark
3216,Donald
3217,Steven
3218,Paul
3219,Andrew
3220,Joshua
3221,Kenneth
3222,Kevin
3223,Brian
3224,George
3225,Timothy
3226,Ronald
3227,Edward
3228,Jason
3229,Jeffrey
3230,Ryan
3231,Jacob
3232,Gary
3233,Nicholas
3234,Eric
3235,Jonathan
3236,Stephen
3237,Larry
3238,Justin
3239,Scott
3240,Brandon
3241,Benjamin
3242,Samuel
3243,Gregory
3244,Alexander
3245,Frank
3246,Patrick
3247,Raymond
3248,Jack
3249,Dennis
3250,Jerry
3251,Tyler
3252,Aaron
3253,Jose
3254,Adam
3255,Nathan
3256,Henry
3257,Douglas
3258,Zachary
3259,Peter
3260,Kyle
3261,Ethan
3262,Walter
3263,Noah
3264,Jeremy
3265,Christian
3266,Keith
3267,Roger
3268,Terry
3269,Gerald
3270,Harold
3271,Sean
3272,Austin
3273,Carl
3274,Arthur
3275,Lawrence
3276,Dylan
3277,Jesse
3278,Jordan
3279,Bryan
3280,Billy
3281,Joe
3282,Bruce
3283,Gabriel
3284,Logan
3285,Albert
3286,Willie
3287,Alan
3288,Juan
3289,Wayne
3290,Elijah
3291,Randy
3292,Roy
3293,Vincent
3294,Ralph
3295,Eugene
3296,Russell
3297,Bobby
3298,Mason
3299,Philip
3300,Louis
3301,Jasmin
3302,Robert
3303,John
3304,Michael
3305,David
3306,William
3307,Richard
3308,Joseph
3309,Thomas
3310,Charles
3311,Christopher
3312,Daniel
3313,Matthew
3314,Anthony
3315,Mark
3316,Donald
3317,Steven
3318,Paul
3319,Andrew
3320,Joshua
3321,Kenneth
3322,Kevin
3323,Brian
3324,George
3325,Timothy
3326,Ronald
3327,Edward
3328,Jason
3329,Jeffrey
3330,Ryan
3331,Jacob
3332,Gary
3333,Nicholas
3334,Eric
3335,Jonathan
3336,Stephen
3337,Larry
3338,Justin
3339,Scott
3340,Brandon
3341,Benjamin
3342,Samuel
3343,Gregory
3344,Alexander
3345,Frank
3346,Patrick
3347,Raymond
3348,Jack
3349,Dennis
3350,Jerry
3351,Tyler
3352,Aaron
3353,Jose
3354,Adam
3355,Nathan
3356,Henry
3357,Douglas
3358,Zachary
3359,Peter
3360,Kyle
3361,Ethan
3362,Walter
3363,Noah
3364,Jeremy
3365,Christian
3366,Keith
3367,Roger
3368,Terry
3369,Gerald
3370,Harold
3371,Sean
3372,Austin
3373,Carl
3374,Arthur
3375,Lawrence
3376,Dylan
3377,Jesse
3378,Jordan
3379,Bryan
3380,Billy
3381,Joe
3382,Bruce
3383,Gabriel
3384,Logan
3385,Albert
3386,Willie
3387,Alan
3388,Juan
3389,Wayne
3390,Elijah
3391,Randy
3392,Roy
3393,Vincent
3394,Ralph
3395,Eugene
3396,Russell
3397,Bobby
3398,Mason
3399,Philip
3400,Louis
3401,Jasmin
3402,Robert
3403,John
3404,Michael
3405,David
3406,William
3407,Richard
3408,Joseph
3409,Thomas
3410,Charles
3411,Christopher
3412,Daniel
3413,Matthew
3414,Anthony
3415,Mark
3416,Donald
3417,Steven
3418,Paul
3419,Andrew
3420,Joshua
3421,Kenneth
3422,Kevin
3423,Brian
3424,George
3425,Timothy
3426,Ronald
3427,Edward
3428,Jason
3429,Jeffrey
3430,Ryan
3431,Jacob
3432,Gary
3433,Nicholas
3434,Eric
3435,Jonathan
3436,Stephen
3437,Larry
3438,Justin
3439,Scott
3440,Brandon
3441,Benjamin
3442,Samuel
3443,Gregory
3444,Alexander
3445,Frank
3446,Patrick
3447,Raymond
3448,Jack
3449,Dennis
3450,Jerry
3451,Tyler
3452,Aaron
3453,Jose
3454,Adam
3455,Nathan
3456,Henry
3457,Douglas
3458,Zachary
3459,Peter
3460,Kyle
3461,Ethan
3462,Walter
3463,Noah
3464,Jeremy
3465,Christian
3466,Keith
3467,Roger
3468,Terry
3469,Gerald
3470,Harold
3471,Sean
3472,Austin
3473,Carl
3474,Arthur
3475,Lawrence
3476,Dylan
3477,Jesse
3478,Jordan
3479,Bryan
3480,Billy
3481,Joe
3482,Bruce
3483,Gabriel
3484,Logan
3485,Albert
3486,Willie
3487,Alan
3488,Juan
3489,Wayne
3490,Elijah
3491,Randy
3492,Roy
3493,Vincent
3494,Ralph
3495,Eugene
3496,Russell
3497,Bobby
3498,Mason
3499,Philip
3500,Louis
3501,Jasmin
3502,Robert
3503,John
3504,Michael
3505,David
3506,William
3507,Richard
3508,Joseph
3509,Thomas
3510,Charles
3511,Christopher
3512,Daniel
3513,Matthew
3514,Anthony
3515,Mark
3516,Donald
3517,Steven
3518,Paul
3519,Andrew
3520,Joshua
3521,Kenneth
3522,Kevin
3523,Brian
3524,George
3525,Timothy
3526,Ronald
3527,Edward
3528,Jason
3529,Jeffrey
3530,Ryan
3531,Jacob
3532,Gary
3533,Nicholas
3534,Eric
3535,Jonathan
3536,Stephen
3537,Larry
3538,Justin
3539,Scott
3540,Brandon
3541,Benjamin
3542,Samuel
3543,Gregory
3544,Alexander
3545,Frank
3546,Patrick
3547,Raymond
3548,Jack
3549,Dennis
3550,Jerry
3551,Tyler
3552,Aaron
3553,Jose
3554,Adam
3555,Nathan
3556,Henry
3557,Douglas
3558,Zachary
3559,Peter
3560,Kyle
3561,Ethan
3562,Walter
3563,Noah
3564,Jeremy
3565,Christian
3566,Keith
3567,Roger
3568,Terry
3569,Gerald
3570,Harold
3571,Sean
3572,Austin
3573,Carl
3574,Arthur
3575,Lawrence
3576,Dylan
3577,Jesse
3578,Jordan
3579,Bryan
3580,Billy
3581,Joe
3582,Bruce
3583,Gabriel
3584,Logan
3585,Albert
3586,Willie
3587,Alan
3588,Juan
3589,Wayne
3590,Elijah
3591,Randy
3592,Roy
3593,Vincent
3594,Ralph
3595,Eugene
3596,Russell
3597,Bobby
3598,Mason
3599,Philip
3600,Louis
3601,Jasmin
3602,Robert
3603,John
3604,Michael
3605,David
3606,William
3607,Richard
3608,Joseph
3609,Thomas
3610,Charles
3611,Christopher
3612,Daniel
3613,Matthew
3614,Anthony
3615,Mark
3616,Donald
3617,Steven
3618,Paul
3619,Andrew
3620,Joshua
3621,Kenneth
3622,Kevin
3623,Brian
3624,George
3625,Timothy
3626,Ronald
3627,Edward
3628,Jason
3629,Jeffrey
3630,Ryan
3631,Jacob
3632,Gary
3633,Nicholas
3634,Eric
3635,Jonathan
3636,Stephen
3637,Larry
3638,Justin
3639,Scott
3640,Brandon
3641,Benjamin
3642,Samuel
3643,Gregory
3644,Alexander
3645,Frank
3646,Patrick
3647,Raymond
3648,Jack
3649,Dennis
3650,Jerry
3651,Tyler
3652,Aaron
3653,Jose
3654,Adam
3655,Nathan
3656,Henry
3657,Douglas
3658,Zachary
3659,Peter
3660,Kyle
3661,Ethan
3662,Walter
3663,Noah
3664,Jeremy
3665,Christian
3666,Keith
3667,Roger
3668,Terry
3669,Gerald
3670,Harold
3671,Sean
3672,Austin
3673,Carl
3674,Arthur
3675,Lawrence
3676,Dylan
3677,Jesse
3678,Jordan
3679,Bryan
3680,Billy
3681,Joe
3682,Bruce
3683,Gabriel
3684,Logan
3685,Albert
3686,Willie
3687,Alan
3688,Juan
3689,Wayne
3690,Elijah
3691,Randy
3692,Roy
3693,Vincent
3694,Ralph
3695,Eugene
3696,Russell
3697,Bobby
3698,Mason
3699,Philip
3700,Louis
3701,Jasmin
3702,Robert
3703,John
3704,Michael
3705,David
3706,William
3707,Richard
3708,Joseph
3709,Thomas
3710,Charles
3711,Christopher
3712,Daniel
3713,Matthew
3714,Anthony
3715,Mark
3716,Donald
3717,Steven
3718,Paul
3719,Andrew
3720,Joshua
3721,Kenneth
3722,Kevin
3723,Brian
3724,George
3725,Timothy
3726,Ronald
3727,Edward
3728,Jason
3729,Jeffrey
3730,Ryan
3731,Jacob
3732,Gary
3733,Nicholas
3734,Eric
3735,Jonathan
3736,Stephen
3737,Larry
3738,Justin
3739,Scott
3740,Brandon
3741,Benjamin
3742,Samuel
3743,Gregory
3744,Alexander
3745,Frank
3746,Patrick
3747,Raymond
3748,Jack
3749,Dennis
3750,Jerry
3751,Tyler
3752,Aaron
3753,Jose
3754,Adam
3755,Nathan
3756,Henry
3757,Douglas
3758,Zachary
3759,Peter
3760,Kyle
3761,Ethan
3762,Walter
3763,Noah
3764,Jeremy
3765,Christian
3766,Keith
3767,Roger
3768,Terry
3769,Gerald
3770,Harold
3771,Sean
3772,Austin
3773,Carl
3774,Arthur
3775,Lawrence
3776,Dylan
3777,Jesse
3778,Jordan
3779,Bryan
3780,Billy
3781,Joe
3782,Bruce
3783,Gabriel
3784,Logan
3785,Albert
3786,Willie
3787,Alan
3788,Juan
3789,Wayne
3790,Elijah
3791,Randy
3792,Roy
3793,Vincent
3794,Ralph
3795,Eugene
3796,Russell
3797,Bobby
3798,Mason
3799,Philip
3800,Louis
3801,Jasmin
3802,Robert
3803,John
3804,Michael
3805,David
3806,William
3807,Richard
3808,Joseph
3809,Thomas
3810,Charles
3811,Christopher
3812,Daniel
3813,Matthew
3814,Anthony
3815,Mark
3816,Donald
3817,Steven
3818,Paul
3819,Andrew
3820,Joshua
3821,Kenneth
3822,Kevin
3823,Brian
3824,George
3825,Timothy
3826,Ronald
3827,Edward
3828,Jason
3829,Jeffrey
3830,Ryan
3831,Jacob
3832,Gary
3833,Nicholas
3834,Eric
3835,Jonathan
3836,Stephen
3837,Larry
3838,Justin
3839,Scott
3840,Brandon
3841,Benjamin
3842,Samuel
3843,Gregory
3844,Alexander
3845,Frank
3846,Patrick
3847,Raymond
3848,Jack
3849,Dennis
3850,Jerry
3851,Tyler
3852,Aaron
3853,Jose
3854,Adam
3855,Nathan
3856,Henry
3857,Douglas
3858,Zachary
3859,Peter
3860,Kyle
3861,Ethan
3862,Walter
3863,Noah
3864,Jeremy
3865,Christian
3866,Keith
3867,Roger
3868,Terry
3869,Gerald
3870,Harold
3871,Sean
3872,Austin
3873,Carl
3874,Arthur
3875,Lawrence
3876,Dylan
3877,Jesse
3878,Jordan
3879,Bryan
3880,Billy
3881,Joe
3882,Bruce
3883,Gabriel
3884,Logan
3885,Albert
3886,Willie
3887,Alan
3888,Juan
3889,Wayne
3890,Elijah
3891,Randy
3892,Roy
3893,Vincent
3894,Ralph
3895,Eugene
3896,Russell
3897,Bobby
3898,Mason
3899,Philip
3900,Louis
3901,Jasmin
3902,Robert
3903,John
3904,Michael
3905,David
3906,William
3907,Richard
3908,Joseph
3909,Thomas
3910,Charles
3911,Christopher
3912,Daniel
3913,Matthew
3914,Anthony
3915,Mark
3916,Donald
3917,Steven
3918,Paul
3919,Andrew
3920,Joshua
3921,Kenneth
3922,Kevin
3923,Brian
3924,George
3925,Timothy
3926,Ronald
3927,Edward
3928,Jason
3929,Jeffrey
3930,Ryan
3931,Jacob
3932,Gary
3933,Nicholas
3934,Eric
3935,Jonathan
3936,Stephen
3937,Larry
3938,Justin
3939,Scott
3940,Brandon
3941,Benjamin
3942,Samuel
3943,Gregory
3944,Alexander
3945,Frank
3946,Patrick
3947,Raymond
3948,Jack
3949,Dennis
3950,Jerry
3951,Tyler
3952,Aaron
3953,Jose
3954,Adam
3955,Nathan
3956,Henry
3957,Douglas
3958,Zachary
3959,Peter
3960,Kyle
3961,Ethan
3962,Walter
3963,Noah
3964,Jeremy
3965,Christian
3966,Keith
3967,Roger
3968,Terry
3969,Gerald
3970,Harold
3971,Sean
3972,Austin
3973,Carl
3974,Arthur
3975,Lawrence
3976,Dylan
3977,Jesse
3978,Jordan
3979,Bryan
3980,Billy
3981,Joe
3982,Bruce
3983,Gabriel
3984,Logan
3985,Albert
3986,Willie
3987,Alan
3988,Juan
3989,Wayne
3990,Elijah
3991,Randy
3992,Roy
3993,Vincent
3994,Ralph
3995,Eugene
3996,Russell
3997,Bobby
3998,Mason
3999,Philip
4000,Louis
